Periodo_Retorno_anos,Precipitacao_mm
2,29.165654124886238
5,29.5624160152184
10,29.643968779777246
20,29.676329876001162
50,29.692241124731215
100,29.696636373118356
